0.118738, 0.001333, -0.199631
0.116031, 0.002313, -0.201675
0.110735, 0.003745, -0.206219
0.106653, 0.004409, -0.206490
0.105726, 0.005943, -0.209753
0.099481, 0.005151, -0.213967
0.100193, 0.002518, -0.210283
0.097575, 0.003940, -0.214193
0.100621, 0.003543, -0.213354
0.102661, 0.003789, -0.209868
0.103284, 0.004059, -0.211047
0.108625, 0.001594, -0.205571
0.110877, 0.000926, -0.204262
0.107813, 0.001417, -0.205193
0.110422, 0.003499, -0.206830
0.108955, 0.003662, -0.206172
0.111434, 0.002855, -0.207025
0.111774, 0.002681, -0.205224
0.116302, 0.003447, -0.201159
0.110759, 0.003105, -0.205713
0.111851, 0.002174, -0.204196
0.110822, 0.001915, -0.205833
0.115443, 0.002347, -0.200885
0.107760, 0.002414, -0.206725
0.109795, 0.004131, -0.207555
0.109563, 0.004917, -0.205927
0.111231, 0.002685, -0.207277
0.106937, 0.000242, -0.205107
0.116546, -0.001597, -0.199516
0.125075, -0.002857, -0.194121
0.120950, -0.005484, -0.195962
0.122862, -0.005312, -0.195225
0.124006, -0.003184, -0.190979
0.124310, -0.002453, -0.194246
0.117311, -0.000889, -0.200354
0.120304, -0.000694, -0.196439
0.129120, 0.000573, -0.195579
0.129365, 0.001918, -0.192731
0.131007, 0.003020, -0.193947
0.129848, 0.000988, -0.193463
0.122257, 0.000806, -0.197032
0.118262, -0.001282, -0.198603
0.118753, -0.000369, -0.198784
0.120489, 0.001627, -0.199573
0.116577, 0.004358, -0.204910
0.121536, 0.003080, -0.201526
0.122244, 0.001372, -0.196361
0.122371, 0.002006, -0.200466
0.123061, 0.000505, -0.197766
0.122274, 0.001401, -0.199461
0.126289, 0.001241, -0.195095
0.121397, 0.001130, -0.196540
0.117401, 0.001796, -0.200957
0.112934, 0.002565, -0.202937
0.110029, 0.002201, -0.205437
0.101627, 0.002626, -0.211276
0.101373, 0.001580, -0.208867
0.107045, 0.001705, -0.208180
0.104120, 0.001226, -0.209527
0.101436, -0.001117, -0.208832
0.112181, -0.002297, -0.200977
0.115558, -0.001285, -0.200400
0.119470, 0.000762, -0.200328
0.120135, 0.000840, -0.200123
0.131421, 0.001026, -0.194880
0.134976, 0.002499, -0.190675
0.131356, 0.001621, -0.195266
0.137754, 0.003335, -0.193008
0.138076, 0.002826, -0.193832
0.145584, 0.001843, -0.187745
0.153516, 0.001721, -0.181786
0.149359, 0.001809, -0.185207
0.149991, 0.001785, -0.181999
0.156810, 0.000618, -0.178492
0.152848, -0.000456, -0.181972
0.140516, 0.001379, -0.188489
0.132766, 0.000715, -0.193196
0.131390, -0.000163, -0.191439
0.138794, -0.001200, -0.188188
0.137886, 0.000292, -0.190509
0.135524, -0.001493, -0.188555
0.136541, -0.000796, -0.190082
0.137295, -0.001822, -0.187416
0.140292, 0.000152, -0.188896
0.147718, 0.000281, -0.184414
0.145067, -0.000234, -0.185016
0.137012, 0.000153, -0.190161
0.141531, -0.000124, -0.187564
0.136053, 0.002267, -0.190603
0.139279, 0.002694, -0.187724
0.143437, -0.000409, -0.186997
0.134967, -0.000720, -0.187771
0.126026, 0.001934, -0.196781
0.125129, 0.002988, -0.197424
0.120112, 0.003656, -0.201482
0.119964, 0.002073, -0.200455
0.115071, 0.001035, -0.202007
0.114119, 0.000109, -0.199939
0.120895, -0.001026, -0.195658
0.120376, -0.000151, -0.197778
0.126197, 0.001306, -0.195093
0.130381, -0.001286, -0.191171
0.127344, -0.000410, -0.194048
0.125619, -0.000174, -0.194920
0.126520, 0.000586, -0.192246
0.122875, 0.001026, -0.197190
0.122148, -0.000181, -0.197200
0.114264, 0.000100, -0.201417
0.109815, 0.001244, -0.206211
0.113396, 0.002210, -0.203924
0.106919, 0.002381, -0.205425
0.106048, 0.003383, -0.208586
0.108235, 0.004460, -0.206059
0.106424, 0.005944, -0.208269
0.103995, 0.004009, -0.211830
0.111745, 0.002915, -0.206208
0.115017, 0.002059, -0.203226
0.119392, 0.001246, -0.200748
0.119079, 0.001678, -0.200183
0.117904, 0.003261, -0.203888
0.125819, 0.003908, -0.196774
0.123908, 0.002376, -0.197996
0.121213, 0.003174, -0.200832
0.116377, 0.003938, -0.204102
0.114926, 0.005409, -0.207440
0.107966, 0.006436, -0.211558
0.107111, 0.006314, -0.210482
0.106170, 0.004495, -0.207999
0.107387, 0.006243, -0.210176
0.110598, 0.005133, -0.208047
0.112844, 0.005576, -0.207242
0.116669, 0.004806, -0.203861
0.119097, 0.002145, -0.203745
0.116271, 0.001338, -0.203342
0.124315, 0.000345, -0.197653
0.126603, -0.000605, -0.195296
0.126108, 0.002377, -0.195157
0.128251, 0.000058, -0.192327
0.125981, 0.001606, -0.193343
0.120500, 0.000297, -0.195826
0.128762, -0.001871, -0.192048
0.125185, -0.001696, -0.193794
0.125087, -0.002273, -0.193615
0.133332, -0.000733, -0.188843
0.127589, 0.001227, -0.195350
0.124535, 0.000066, -0.195993
0.125748, 0.000974, -0.196883
0.126392, 0.000023, -0.194283
0.118484, -0.001421, -0.197294
0.120464, -0.002071, -0.195985
0.125360, -0.000798, -0.195179
0.132959, 0.000227, -0.192349
0.131158, 0.001847, -0.196404
0.125355, 0.000839, -0.196610
0.119648, 0.001682, -0.198169
0.119418, 0.001121, -0.200999
0.115777, 0.001228, -0.202751
0.107859, 0.004151, -0.208740
0.111757, 0.002004, -0.205446
0.111276, 0.003328, -0.206501
0.109513, 0.001950, -0.206246
0.110393, 0.001981, -0.205786
0.115889, 0.001842, -0.203206
0.110421, 0.002799, -0.204517
0.112573, 0.004550, -0.206488
0.113222, 0.002113, -0.202325
0.115617, 0.002670, -0.203687
0.115459, 0.000843, -0.200909
0.110868, 0.002346, -0.205753
0.102086, 0.003854, -0.213325
0.103616, 0.002507, -0.209123
0.104245, 0.001959, -0.207607
0.106205, 0.002379, -0.207805
0.108239, 0.002834, -0.207224
0.105188, 0.001591, -0.209660
0.104322, 0.002359, -0.209440
0.103271, 0.004592, -0.213393
0.101501, 0.004134, -0.212197
0.107129, 0.003447, -0.207112
0.112078, 0.004085, -0.205358
0.121542, 0.004188, -0.199365
0.121291, 0.002692, -0.199514
0.127945, 0.003055, -0.196262
0.122614, 0.001177, -0.197185
0.125067, 0.001210, -0.196225
0.122384, -0.000675, -0.194878
0.124593, -0.000578, -0.196220
0.125182, 0.002036, -0.198450
0.121125, 0.003230, -0.199377
0.119090, 0.002821, -0.201492
0.121928, 0.001355, -0.198563
0.123670, -0.000831, -0.197279
0.118960, 0.000166, -0.197834
0.119489, 0.001451, -0.198716
0.119492, 0.001067, -0.201112
0.121404, 0.000898, -0.201484
0.127240, 0.000031, -0.196257
0.139285, -0.000725, -0.186412
0.139289, -0.000783, -0.185187
0.141294, 0.000863, -0.190765
0.137236, 0.001140, -0.191221
0.131637, 0.003581, -0.196022
0.137791, 0.002674, -0.189554
0.135603, -0.000088, -0.189886
0.135756, -0.001550, -0.188977
0.129096, 0.000273, -0.194332
0.125085, 0.000054, -0.196347
0.130029, 0.000708, -0.195637
0.136530, -0.001698, -0.189828
0.133409, -0.000059, -0.192870
0.131608, -0.000859, -0.190664
0.131546, -0.000771, -0.193071
0.129242, 0.001091, -0.195397
0.127033, 0.003336, -0.199350
0.129717, 0.003066, -0.195203
0.128044, 0.002243, -0.196043
0.127926, 0.002340, -0.194682
0.128804, 0.002782, -0.195181
0.131530, 0.001308, -0.194746
0.127814, 0.000906, -0.196988
0.125630, 0.002419, -0.198149
0.129834, 0.000984, -0.194699
0.127734, 0.001517, -0.193288
0.129845, 0.001244, -0.195427
0.131730, 0.001407, -0.194128
0.125661, 0.004680, -0.198849
0.125926, 0.002350, -0.194517
0.127348, 0.002778, -0.194999
0.124160, 0.001557, -0.198299
0.123176, 0.001326, -0.195905
0.127189, 0.001648, -0.194189
0.122001, 0.004067, -0.199156
0.120654, 0.004024, -0.198721
0.116660, 0.004348, -0.200853
0.121066, 0.003788, -0.200331
0.114277, 0.003997, -0.205362
0.111733, 0.002750, -0.204360
0.112379, 0.004058, -0.205890
0.107244, 0.002639, -0.206938
0.111251, -0.000010, -0.202246
0.116679, 0.000631, -0.200498
0.116730, 0.001574, -0.199632
0.121758, -0.000667, -0.195915
0.124325, -0.002179, -0.191818
0.113600, 0.000885, -0.201112
0.111780, 0.001000, -0.203918
0.116555, 0.003037, -0.203494
0.113812, 0.004706, -0.204815
0.111346, 0.003360, -0.205532
0.116761, 0.003432, -0.201178
0.109030, 0.003659, -0.204394
0.105511, 0.002477, -0.209594
0.107767, 0.000573, -0.205073
0.103864, 0.001478, -0.207900
0.111909, 0.002585, -0.203098
0.112478, 0.004063, -0.202650
0.110735, 0.005621, -0.208173
0.111119, 0.006725, -0.206573
0.111376, 0.005333, -0.206283
0.112235, 0.005940, -0.206523
0.111479, 0.005968, -0.206712
0.112412, 0.006746, -0.206431
0.112762, 0.004640, -0.206077
0.119012, 0.001318, -0.199497
0.120325, -0.000067, -0.197837
0.116058, 0.000514, -0.201472
0.111969, 0.001532, -0.205136
0.114843, 0.002771, -0.203175
0.121311, 0.003905, -0.199859
0.126839, 0.003941, -0.197395
0.125971, 0.002847, -0.193606
0.137566, 0.000889, -0.189476
0.135617, 0.002630, -0.192058
0.135831, 0.002175, -0.192064
0.132330, 0.001484, -0.189487
0.125713, 0.000537, -0.196505
0.120156, 0.002106, -0.200284
0.112835, 0.000012, -0.202393
0.119733, 0.000721, -0.201125
0.113488, 0.001905, -0.207109
0.119590, 0.001480, -0.201755
0.122772, 0.003860, -0.200888
0.126052, 0.001983, -0.200356
0.121218, 0.000567, -0.199689
0.121714, -0.000571, -0.198103
0.113442, -0.002200, -0.201409
0.118613, -0.000972, -0.197545
0.114888, 0.001839, -0.202721
0.117960, 0.000760, -0.199503
0.122396, -0.000769, -0.194090
0.121137, -0.000016, -0.197481
0.121382, -0.001070, -0.196749
0.125749, 0.000698, -0.194695
0.127498, 0.001906, -0.193839
0.128807, 0.002111, -0.195316
0.121661, 0.001717, -0.199234
0.125875, 0.002207, -0.197908
0.115667, 0.004790, -0.202530
0.116764, 0.002635, -0.202248
0.121351, 0.003106, -0.202158
0.120782, 0.003927, -0.201776
0.118616, 0.005323, -0.202593
0.124635, 0.005156, -0.196919
0.119750, 0.002714, -0.197124
0.118612, 0.000124, -0.196348
0.121292, 0.001029, -0.199137
0.113817, 0.002513, -0.202823
0.119136, 0.002668, -0.201595
0.118273, 0.000673, -0.199229
0.115589, 0.001676, -0.204171
0.112505, 0.000128, -0.203563
0.103953, -0.000582, -0.207810
0.104297, 0.000211, -0.208417
0.104455, 0.000458, -0.209381
0.113648, 0.000046, -0.201266
0.117432, -0.000009, -0.200015
0.113133, -0.000301, -0.200041
0.113304, -0.000214, -0.200786
0.116950, 0.000257, -0.199671
0.113279, 0.001490, -0.203644
0.115574, -0.001446, -0.200495
0.124536, -0.000099, -0.194176
0.129046, -0.000058, -0.194629
0.129462, 0.001285, -0.196180
0.131295, 0.003910, -0.194427
0.132076, 0.003062, -0.193474
0.132694, 0.002023, -0.191316
0.136041, 0.000318, -0.187316
0.130252, 0.001711, -0.193980
0.136151, 0.001166, -0.190078
0.138097, 0.001033, -0.189824
0.127985, 0.003367, -0.195090
0.126923, 0.004240, -0.196913
0.119895, 0.004481, -0.203051
0.117005, 0.005226, -0.206082
0.118625, 0.007430, -0.206752
0.143002, 0.001938, -0.236317
0.160954, -0.001130, -0.227533
0.186396, -0.004457, -0.212062
0.209560, -0.008139, -0.199337
0.221703, -0.008150, -0.194919
0.237701, -0.010596, -0.182653
0.251675, -0.012025, -0.172305
0.261701, -0.011996, -0.167052
0.268795, -0.013073, -0.161283
0.275961, -0.015123, -0.155442
0.283028, -0.013087, -0.152850
0.293062, -0.014272, -0.145457
0.298833, -0.015065, -0.143442
0.305607, -0.015380, -0.138287
0.310576, -0.015856, -0.137642
0.312242, -0.012254, -0.142002
0.323802, -0.010648, -0.137109
0.354247, -0.012852, -0.159642
0.376490, -0.015848, -0.149564
0.392581, -0.016297, -0.138285
0.408956, -0.016301, -0.132339
0.415621, -0.016344, -0.130805
0.425286, -0.019284, -0.125038
0.460597, -0.024001, -0.139720
0.496727, -0.027850, -0.117654
0.514566, -0.027946, -0.108358
0.527042, -0.028543, -0.101384
0.524899, -0.028798, -0.108243
0.525838, -0.029624, -0.111319
0.524567, -0.027645, -0.117132
0.556465, -0.032346, -0.136065
0.582011, -0.035524, -0.120958
0.588794, -0.035244, -0.119854
0.595476, -0.034724, -0.118162
0.629771, -0.038071, -0.131245
0.652536, -0.041205, -0.123000
0.669771, -0.044735, -0.114399
0.685625, -0.047849, -0.106629
0.688664, -0.046872, -0.107648
0.685973, -0.045738, -0.105294
0.687059, -0.045127, -0.105981
0.681595, -0.045566, -0.105051
0.684758, -0.042349, -0.101582
0.691024, -0.039403, -0.094766
0.703113, -0.034570, -0.086009
0.716904, -0.034403, -0.070180
0.724960, -0.032269, -0.065712
0.734845, -0.029862, -0.056138
0.716807, -0.026440, -0.034829
0.714249, -0.022862, -0.024130
0.734536, -0.017545, 0.002158
0.755785, -0.010227, 0.021549
0.779435, -0.001960, 0.051020
0.774628, 0.006516, 0.087768
0.798154, 0.018723, 0.106885
0.822246, 0.025283, 0.137098
0.838468, 0.030757, 0.147791
0.847024, 0.034163, 0.156226
0.856096, 0.039860, 0.157872
0.849958, 0.039895, 0.145832
0.833352, 0.035971, 0.133169
0.814970, 0.028793, 0.120105
0.803639, 0.024596, 0.117214
0.798094, 0.023629, 0.113676
0.792660, 0.023001, 0.110035
0.786148, 0.019688, 0.105810
0.781290, 0.019288, 0.098719
0.775645, 0.015646, 0.097022
0.776703, 0.015965, 0.095661
0.776447, 0.014231, 0.100966
0.768571, 0.014032, 0.092154
0.765346, 0.010335, 0.093543
0.763861, 0.010080, 0.091512
0.769106, 0.011213, 0.092944
0.775808, 0.010177, 0.099759
0.774880, 0.011907, 0.098240
0.763463, 0.008642, 0.091197
0.764877, 0.009281, 0.094244
0.760697, 0.008074, 0.087582
0.765716, 0.007653, 0.092933
0.761412, 0.006555, 0.090522
0.761763, 0.005023, 0.090717
0.759800, 0.006127, 0.089505
0.755931, 0.005129, 0.088711
0.756787, 0.004686, 0.087542
0.753695, 0.004163, 0.085014
0.756266, 0.004576, 0.088587
0.755462, 0.005202, 0.087243
0.757966, 0.005503, 0.087926
0.759597, 0.004271, 0.088360
0.753104, 0.003281, 0.085444
0.756973, 0.003824, 0.088490
0.753165, 0.004667, 0.085099
0.750267, 0.004617, 0.084024
0.751409, 0.004154, 0.083030
0.751219, 0.003754, 0.084246
0.756812, 0.004581, 0.088842
0.761799, 0.007419, 0.092430
0.767404, 0.007564, 0.095219
0.776125, 0.011383, 0.102961
0.782426, 0.013944, 0.104870
0.790170, 0.015922, 0.111184
0.800626, 0.020577, 0.114742
0.797046, 0.023940, 0.106874
0.799694, 0.027904, 0.103082
0.791861, 0.024650, 0.098013
0.796085, 0.026858, 0.103093
0.786129, 0.026391, 0.095129
0.780364, 0.022754, 0.095453
0.775545, 0.023284, 0.093893
0.772924, 0.022320, 0.091465
0.770538, 0.022027, 0.090771
0.781566, 0.023432, 0.100360
0.794293, 0.024337, 0.106917
0.834736, 0.029452, 0.107910
0.871098, 0.034032, 0.124494
0.896648, 0.039637, 0.137967
0.909778, 0.043865, 0.142809
0.919994, 0.044555, 0.147490
0.929642, 0.047133, 0.148654
0.936992, 0.048193, 0.151776
0.952471, 0.053505, 0.159670
0.962364, 0.060256, 0.162297
1.002253, 0.063211, 0.159187
1.033543, 0.065429, 0.177393
1.046976, 0.069836, 0.181382
1.058505, 0.072708, 0.185235
1.064448, 0.076981, 0.187053
1.070189, 0.077137, 0.186816
1.092615, 0.081947, 0.199780
1.095799, 0.080104, 0.214195
1.106238, 0.085538, 0.230580
1.135068, 0.098949, 0.267404
1.159623, 0.112172, 0.299761
1.189369, 0.130020, 0.327782
1.187268, 0.141129, 0.363887
1.178248, 0.162179, 0.336206
1.154204, 0.163857, 0.314435
1.129182, 0.159735, 0.295801
1.096507, 0.148435, 0.258354
1.076084, 0.134243, 0.245369
1.054490, 0.121034, 0.238363
1.052672, 0.116464, 0.241575
1.045664, 0.108858, 0.240415
1.050778, 0.105224, 0.240411
1.050824, 0.103186, 0.241389
1.048487, 0.106049, 0.239157
1.043628, 0.104315, 0.235481
1.042862, 0.104138, 0.235464
1.043661, 0.103643, 0.237479
1.060028, 0.105030, 0.256583
1.080584, 0.110543, 0.279786
1.115187, 0.122651, 0.324343
1.143657, 0.130223, 0.349538
1.161595, 0.137151, 0.360373
1.166246, 0.138904, 0.367425
1.163154, 0.147847, 0.354332
1.151791, 0.150907, 0.336457
1.138847, 0.149796, 0.319009
1.129117, 0.147955, 0.310163
1.115216, 0.145344, 0.296281
1.099196, 0.139096, 0.283245
1.094032, 0.137143, 0.283064
1.095271, 0.139121, 0.286243
1.111046, 0.137900, 0.309662
1.139688, 0.137261, 0.349308
1.158020, 0.137470, 0.367204
1.176402, 0.137690, 0.381371
1.186681, 0.140278, 0.390085
1.200761, 0.141793, 0.398673
1.215828, 0.149425, 0.416946
1.229265, 0.153756, 0.431680
1.238400, 0.165389, 0.450106
1.238538, 0.167041, 0.486799
1.243294, 0.174480, 0.494149
1.255089, 0.189066, 0.512338
1.261576, 0.206235, 0.527890
1.273887, 0.223705, 0.537638
1.283017, 0.249839, 0.588492
1.279570, 0.261630, 0.594603
1.274457, 0.270879, 0.593098
1.272678, 0.278385, 0.595388
1.257997, 0.285406, 0.624125
1.246721, 0.299005, 0.637896
1.247224, 0.308732, 0.639291
1.260485, 0.334416, 0.660459
1.259755, 0.347199, 0.705373
1.261327, 0.362568, 0.715548
1.265232, 0.378064, 0.741386
1.266422, 0.394878, 0.753643
1.259065, 0.415594, 0.787595
1.239995, 0.449034, 0.768603
1.259977, 0.499769, 0.814694
1.273839, 0.531198, 0.869607
1.280925, 0.543217, 0.879812
1.294292, 0.565868, 0.912431
1.291268, 0.605013, 0.898356
1.307344, 0.650109, 0.916597
1.327343, 0.697072, 0.937496
1.344256, 0.736740, 0.949620
1.364361, 0.776286, 0.935713
1.373206, 0.795851, 0.922482
1.368715, 0.799634, 0.906690
1.365494, 0.798336, 0.903287
1.362092, 0.795424, 0.901975
1.356096, 0.785259, 0.897495
1.349572, 0.776771, 0.892532
1.344628, 0.767136, 0.891626
1.341787, 0.761816, 0.899404
1.339623, 0.753414, 0.894241
1.338785, 0.746461, 0.898511
1.338262, 0.740598, 0.896383
1.343809, 0.745406, 0.908921
1.354566, 0.754687, 0.921264
1.359275, 0.760488, 0.920636
1.370355, 0.769380, 0.922615
1.374030, 0.777275, 0.925345
1.386415, 0.802195, 0.936139
1.399522, 0.834619, 0.941470
1.412308, 0.869872, 0.948793
1.422858, 0.903707, 0.955043
1.445600, 0.974870, 0.942737
1.462416, 1.025285, 0.957944
1.477073, 1.077501, 0.974307
1.487326, 1.103221, 0.985126
1.490515, 1.110508, 0.980547
1.492333, 1.112345, 0.975839
1.506106, 1.140219, 0.965578
1.506410, 1.118681, 0.964737
1.506465, 1.108494, 0.962239
1.506306, 1.090526, 0.960645
1.524420, 1.105842, 0.978392
1.523522, 1.098036, 0.970395
1.521848, 1.096906, 0.961182
1.546709, 1.190149, 0.958495
1.565548, 1.301349, 0.984811
1.578692, 1.376876, 1.002767
1.596424, 1.427019, 1.044453
1.615327, 1.467524, 1.064564
1.623415, 1.477060, 1.073247
1.631056, 1.487555, 1.079789
1.648604, 1.477686, 1.109813
1.658000, 1.470147, 1.111351
1.668924, 1.454297, 1.115487
1.671885, 1.446544, 1.116963
1.689648, 1.465065, 1.118648
1.697809, 1.466678, 1.122602
1.707431, 1.463558, 1.127702
1.713661, 1.457929, 1.127845
1.721076, 1.452045, 1.128765
1.719910, 1.446480, 1.122739
1.719768, 1.444769, 1.123345
1.741498, 1.459167, 1.111202
1.755049, 1.484907, 1.121381
1.759636, 1.494560, 1.127590
1.766126, 1.496325, 1.128830
1.775005, 1.519012, 1.105869
1.781378, 1.533032, 1.112519
1.785872, 1.550572, 1.118143
1.796871, 1.564803, 1.121818
1.796696, 1.576154, 1.127034
1.811838, 1.609806, 1.110687
1.818280, 1.622992, 1.117557
1.820707, 1.633494, 1.116414
1.827548, 1.652737, 1.120021
1.835651, 1.665528, 1.126762
1.847573, 1.679767, 1.130125
1.861173, 1.695684, 1.130983
1.873149, 1.721988, 1.148942
1.873807, 1.738130, 1.173464
1.874812, 1.749837, 1.178880
1.874298, 1.766525, 1.201689
1.866647, 1.784932, 1.218352
1.865260, 1.807299, 1.261651
1.860558, 1.844305, 1.261136
1.857778, 1.886790, 1.270626
1.859301, 1.903328, 1.263683
1.860971, 1.916775, 1.269706
1.859756, 1.920178, 1.269982
1.858913, 1.917630, 1.268875
1.856876, 1.920988, 1.273615
1.858808, 1.918439, 1.286316
1.859028, 1.912082, 1.280205
1.860530, 1.907907, 1.279002
1.861610, 1.909590, 1.276754
1.863687, 1.913536, 1.276207
1.861569, 1.915048, 1.272797
1.861932, 1.918814, 1.275432
1.862199, 1.922914, 1.280086
1.860979, 1.924417, 1.278280
1.858574, 1.924031, 1.278180
1.860993, 1.928065, 1.281249
1.863073, 1.925225, 1.281238
1.861731, 1.921538, 1.279660
1.863365, 1.921086, 1.278440
1.861167, 1.919830, 1.279427
1.861504, 1.920378, 1.276023
1.860648, 1.915435, 1.275001
1.859161, 1.916248, 1.275014
1.858867, 1.915366, 1.273514
1.859417, 1.913452, 1.277554
1.860094, 1.911954, 1.283926
1.864851, 1.911181, 1.282220
1.866588, 1.911476, 1.283286
1.863185, 1.910197, 1.283699
1.868264, 1.907169, 1.294782
1.869648, 1.902954, 1.289185
1.868338, 1.905883, 1.282917
1.862163, 1.914880, 1.275519
1.861366, 1.920361, 1.274993
1.859547, 1.924653, 1.273621
1.855307, 1.925650, 1.276897
1.859372, 1.924294, 1.278315
1.862030, 1.916572, 1.279360
1.862884, 1.909873, 1.283992
1.863146, 1.901133, 1.282579
1.862518, 1.900992, 1.277622
1.869981, 1.898062, 1.289917
1.874211, 1.897331, 1.296228
1.876207, 1.900195, 1.298914
1.882751, 1.902814, 1.301892
1.882862, 1.907279, 1.301364
1.881659, 1.915634, 1.281168
1.881468, 1.928516, 1.285019
1.881241, 1.939222, 1.289065
1.883957, 1.964874, 1.297734
1.886862, 1.972379, 1.300506
1.889591, 1.983064, 1.300735
1.892138, 1.995028, 1.306813
1.898996, 2.008580, 1.317983
1.902981, 2.019223, 1.318322
1.905422, 2.033611, 1.324984
1.911850, 2.042524, 1.330035
1.913647, 2.064035, 1.337590
1.912413, 2.078192, 1.343304
1.910679, 2.113137, 1.364986
1.899048, 2.129073, 1.387316
1.892962, 2.149799, 1.442258
1.885653, 2.169005, 1.459533
1.877731, 2.200744, 1.474007
1.872754, 2.207455, 1.468171
1.872777, 2.207093, 1.469388
1.872953, 2.202023, 1.463118
1.871765, 2.197235, 1.456536
1.874548, 2.191352, 1.464984
1.878855, 2.183947, 1.467993
1.874920, 2.176488, 1.467344
1.869534, 2.169882, 1.464757
1.868949, 2.166506, 1.461351
1.867978, 2.168663, 1.466339
1.862606, 2.177979, 1.477371
1.857900, 2.189555, 1.481690
1.862203, 2.200375, 1.525738
1.856461, 2.207469, 1.540337
1.847770, 2.220483, 1.555395
1.835393, 2.245658, 1.572418
1.824454, 2.258893, 1.588705
1.808212, 2.270681, 1.639361
1.800171, 2.278665, 1.649242
1.782595, 2.292751, 1.669274
1.774110, 2.305935, 1.720923
1.759957, 2.322565, 1.739358
1.742318, 2.349929, 1.762010
1.726980, 2.362543, 1.783968
1.717072, 2.377041, 1.789646
1.710693, 2.389824, 1.834658
1.698758, 2.404672, 1.860646
1.684854, 2.417668, 1.879636
1.669829, 2.429588, 1.892996
1.644531, 2.456515, 1.952199
1.633127, 2.469050, 1.968228
1.627450, 2.481803, 1.976648
1.617918, 2.492012, 1.986523
1.587043, 2.498219, 2.021964
1.553762, 2.502934, 2.018779
1.522558, 2.514415, 2.023085
1.495350, 2.528050, 2.043131
1.441864, 2.537868, 1.975675
1.393453, 2.564842, 1.946258
1.404235, 2.580702, 1.990710
1.430343, 2.594354, 2.050783
1.462764, 2.595889, 2.082629
1.487079, 2.591963, 2.102973
1.501708, 2.588348, 2.117163
1.514263, 2.588347, 2.137399
1.519808, 2.589782, 2.145953
1.523490, 2.589007, 2.148862
1.525771, 2.589957, 2.152118
1.529398, 2.590566, 2.151768
1.534994, 2.586944, 2.156415
1.535912, 2.583642, 2.157130
1.534448, 2.584294, 2.154947
1.533172, 2.584253, 2.155392
1.533498, 2.584032, 2.155102
1.534138, 2.583656, 2.152826
1.531700, 2.585475, 2.152238
1.531911, 2.581365, 2.154289
1.533502, 2.580615, 2.152514
1.534912, 2.583294, 2.153610
1.537198, 2.580977, 2.156017
1.537960, 2.577677, 2.154588
1.536787, 2.576720, 2.153599
1.536449, 2.575999, 2.150593
1.534319, 2.574769, 2.150956
1.526961, 2.580665, 2.148313
1.524004, 2.584909, 2.152191
1.521656, 2.590357, 2.155572
1.523108, 2.591755, 2.153470
1.521973, 2.586516, 2.148920
1.523717, 2.583725, 2.144959
1.518429, 2.585975, 2.144133
1.519058, 2.586283, 2.142048
1.519241, 2.584044, 2.144081
1.518746, 2.582430, 2.144227
1.518863, 2.580635, 2.142708
1.520370, 2.580959, 2.145679
1.523165, 2.580246, 2.150060
1.522433, 2.578439, 2.142422
1.521244, 2.579763, 2.144931
1.519965, 2.578623, 2.139795
1.517758, 2.580039, 2.140383
1.517833, 2.578937, 2.140093
1.520653, 2.577062, 2.137314
1.517207, 2.580427, 2.137768
1.521099, 2.577790, 2.140261
1.515525, 2.580825, 2.140225
1.519689, 2.582580, 2.142207
1.517678, 2.583497, 2.144469
1.519493, 2.583515, 2.145302
1.521117, 2.583048, 2.144291
1.521050, 2.582874, 2.143474
1.516377, 2.582619, 2.140824
1.512062, 2.582151, 2.132711
1.506337, 2.580936, 2.125068
1.482785, 2.581852, 2.095665
1.461431, 2.582673, 2.072048
1.431844, 2.591634, 2.053218
1.425996, 2.598911, 2.058483
1.426644, 2.608554, 2.081689
1.424437, 2.614934, 2.084079
1.413900, 2.618770, 2.068929
1.408945, 2.619067, 2.059539
1.403829, 2.615336, 2.051167
1.394281, 2.611198, 2.029780
1.385323, 2.607440, 2.014937
1.375890, 2.603078, 2.000293
1.365538, 2.599519, 1.981212
1.345367, 2.592259, 1.959135
1.319824, 2.586122, 1.936607
1.309929, 2.583445, 1.935764
1.299823, 2.585802, 1.919514
1.282904, 2.596974, 1.907846
1.274489, 2.606166, 1.911626
1.265725, 2.618465, 1.892212
1.244855, 2.630388, 1.858092
1.237040, 2.647281, 1.889143
1.223706, 2.667174, 1.923449
1.214720, 2.683993, 1.933208
1.203476, 2.711445, 1.966816
1.195142, 2.721186, 1.962585
1.187673, 2.730440, 1.925843
1.178268, 2.742239, 1.916630
1.168479, 2.754213, 1.921051
1.159985, 2.767689, 1.943584
1.147536, 2.783694, 1.967960
1.134652, 2.796668, 1.974343
1.115302, 2.826247, 1.982597
1.098729, 2.839989, 2.007010
1.084252, 2.854816, 2.021308
1.071210, 2.870290, 2.060813
1.059697, 2.886934, 2.087454
1.048011, 2.904762, 2.125017
1.041921, 2.919620, 2.141601
1.024140, 2.950140, 2.160807
1.024691, 2.963300, 2.184082
1.022915, 2.979013, 2.197675
1.014066, 2.991444, 2.186436
1.002730, 3.005267, 2.192499
0.977682, 3.025266, 2.191675
0.951666, 3.040274, 2.199030
0.923012, 3.068384, 2.216393
0.914380, 3.081675, 2.234689
0.905463, 3.091899, 2.242031
0.889710, 3.102283, 2.239833
0.883736, 3.115325, 2.246487
0.882824, 3.127864, 2.261564
0.898427, 3.138216, 2.270829
0.902714, 3.151967, 2.277561
0.908812, 3.163381, 2.284395
0.908858, 3.174192, 2.289417
0.905824, 3.182711, 2.252281
0.891907, 3.196969, 2.256649
0.870926, 3.217598, 2.270238
0.846376, 3.230400, 2.265402
0.830216, 3.239023, 2.274132
0.821935, 3.250678, 2.284629
0.822073, 3.264189, 2.295013
0.812989, 3.284284, 2.312181
0.808987, 3.291613, 2.328223
0.801217, 3.284824, 2.369533
0.780917, 3.305520, 2.404011
0.762325, 3.311284, 2.416188
0.752239, 3.316487, 2.427952
0.705383, 3.326817, 2.483415
0.673275, 3.335516, 2.495489
0.610964, 3.341823, 2.495939
0.566183, 3.345568, 2.497970
0.534816, 3.350759, 2.494922
0.517167, 3.355880, 2.506494
0.512220, 3.369066, 2.519470
0.535457, 3.364474, 2.531562
0.572980, 3.356061, 2.533568
0.596038, 3.346368, 2.524031
0.615820, 3.341266, 2.521908
0.635146, 3.339204, 2.518752
0.650977, 3.336304, 2.519679
0.667127, 3.332443, 2.518001
0.668357, 3.334259, 2.579973
0.662956, 3.331676, 2.586805
0.648674, 3.333898, 2.596657
0.632887, 3.337386, 2.654885
0.625850, 3.331967, 2.667338
0.618807, 3.326911, 2.681305
0.618279, 3.328804, 2.745198
0.605989, 3.324383, 2.759137
0.587463, 3.329358, 2.770015
0.571495, 3.331255, 2.772513
0.540127, 3.327484, 2.830462
0.515280, 3.322457, 2.839163
0.493659, 3.326036, 2.865485
0.473479, 3.327227, 2.924399
0.455913, 3.324196, 2.929780
0.418189, 3.313666, 2.935273
0.391489, 3.309665, 2.998218
0.349069, 3.313047, 3.038726
0.309414, 3.299903, 3.074647
0.289152, 3.292739, 3.086628
0.280525, 3.286800, 3.086118
0.277601, 3.283717, 3.102116
0.243977, 3.273737, -3.134494
0.210429, 3.255844, -3.137081
0.180529, 3.251944, -3.132791
0.157628, 3.255275, -3.108327
0.128533, 3.258936, -3.098840
0.098454, 3.262144, -3.089450
0.068654, 3.258681, -3.101029
0.048303, 3.255320, -3.096862
0.035031, 3.248332, -3.107131
0.004412, 3.247245, -3.094880
-0.037059, 3.251450, -3.082619
-0.078867, 3.254549, -3.065268
-0.104377, 3.257255, -3.048555
-0.117065, 3.259849, -3.035775
-0.114847, 3.263772, -3.034253
-0.093708, 3.261882, -3.043637
-0.070116, 3.261041, -3.055007
-0.039534, 3.258607, -3.065802
-0.028396, 3.256717, -3.073357
-0.019922, 3.251475, -3.079814
-0.019031, 3.250661, -3.080743
-0.025191, 3.249247, -3.076352
-0.041209, 3.244312, -3.096660
-0.051348, 3.240207, -3.093171
-0.056727, 3.237572, -3.098768
-0.067787, 3.229854, -3.107392
-0.075631, 3.226964, -3.106056
-0.092329, 3.216406, -3.121184
-0.115554, 3.207147, -3.132592
-0.139372, 3.196779, 3.140409
-0.176888, 3.202449, 3.097176
-0.204935, 3.209185, 3.041308
-0.241258, 3.220387, 3.060517
-0.250874, 3.219591, 3.054569
-0.292367, 3.218362, 2.995151
-0.315793, 3.218941, 3.004797
-0.338709, 3.225147, 3.031933
-0.336412, 3.219103, 3.033961
-0.329660, 3.217221, 3.028199
-0.319439, 3.213810, 3.017313
-0.308588, 3.215026, 3.017011
-0.295936, 3.216470, 3.013586
-0.285616, 3.219036, 3.002695
-0.276796, 3.221393, 3.000971
-0.269166, 3.224397, 3.006069
-0.265610, 3.234256, 2.963100
-0.274964, 3.239221, 2.971761
-0.283653, 3.240741, 2.970970
-0.285555, 3.243490, 2.972950
-0.292579, 3.244284, 2.974643
-0.300726, 3.244894, 2.982728
-0.306117, 3.246830, 2.993239
-0.300089, 3.250449, 3.002016
-0.295212, 3.251083, 3.001803
-0.288031, 3.250246, 2.995485
-0.282707, 3.251749, 2.992480
-0.284523, 3.254926, 3.000444
-0.283020, 3.255779, 3.000739
-0.279438, 3.255561, 2.996369
-0.275700, 3.257284, 2.998356
-0.274904, 3.259275, 2.998795
-0.278799, 3.259018, 2.998359
-0.276514, 3.257358, 2.994114
-0.282999, 3.253257, 2.991559
-0.283947, 3.250934, 2.984736
-0.279497, 3.253353, 2.988358
-0.275480, 3.255213, 2.987239
-0.264953, 3.257268, 2.978421
-0.269507, 3.256216, 2.981660
-0.271979, 3.255598, 2.981988
-0.282113, 3.260943, 2.935131
-0.288795, 3.266620, 2.938733
-0.309931, 3.281354, 2.912158
-0.324817, 3.287307, 2.918702
-0.332545, 3.294480, 2.928635
-0.342011, 3.297453, 2.934093
-0.351174, 3.295455, 2.947488
-0.360446, 3.293285, 2.951302
-0.369733, 3.301732, 2.917895
-0.367735, 3.312205, 2.923484
-0.366475, 3.314129, 2.926161
-0.369941, 3.315543, 2.928480
-0.372130, 3.313366, 2.925362
-0.374240, 3.313972, 2.919385
-0.388979, 3.315791, 2.877662
-0.397718, 3.318327, 2.879192
-0.417475, 3.330850, 2.856754
-0.433392, 3.341905, 2.877022
-0.440613, 3.341499, 2.887247
-0.447659, 3.341135, 2.892378
-0.455840, 3.337639, 2.898125
-0.463938, 3.334360, 2.902932
-0.467392, 3.331334, 2.903213
-0.464061, 3.331503, 2.904858
-0.467786, 3.329389, 2.906365
-0.467164, 3.328600, 2.906686
-0.466735, 3.329290, 2.904420
-0.464889, 3.331349, 2.904544
-0.470058, 3.329579, 2.907404
-0.471884, 3.328247, 2.907728
-0.472366, 3.327965, 2.908510
-0.470886, 3.330084, 2.908411
-0.472797, 3.328973, 2.908637
-0.472701, 3.328869, 2.910353
-0.476345, 3.327638, 2.912987
-0.472416, 3.327738, 2.903927
-0.467315, 3.329412, 2.898216
-0.465681, 3.330166, 2.900178
-0.472444, 3.326763, 2.902005
-0.472758, 3.326050, 2.902969
-0.479553, 3.324383, 2.904981
-0.481660, 3.327570, 2.910809
-0.482080, 3.326976, 2.909932
-0.476128, 3.330230, 2.908313
-0.478614, 3.328049, 2.908525
-0.477104, 3.329426, 2.910321
-0.472742, 3.330832, 2.905796
-0.467293, 3.331090, 2.899630
-0.461220, 3.331878, 2.895345
-0.463373, 3.330082, 2.892701
-0.477003, 3.326272, 2.903321
-0.485732, 3.324414, 2.908486
-0.495061, 3.323553, 2.911859
-0.511556, 3.336759, 2.893384
-0.531943, 3.328129, 2.905940
-0.543234, 3.327290, 2.909021
-0.557260, 3.324387, 2.922250
-0.589138, 3.327265, 2.915879
-0.607685, 3.326919, 2.929865
-0.619086, 3.328236, 2.938709
-0.648950, 3.339261, 2.931907
-0.655021, 3.343519, 2.936278
-0.662525, 3.345464, 2.939125
-0.686603, 3.349675, 2.928126
-0.698697, 3.348836, 2.938521
-0.700707, 3.353951, 2.930490
-0.703543, 3.356576, 2.933810
-0.727422, 3.361129, 2.926885
-0.773403, 3.368921, 2.936934
-0.789732, 3.369838, 2.945542
-0.818272, 3.377455, 2.935509
-0.823464, 3.381094, 2.932882
-0.841649, 3.391815, 2.909010
-0.849529, 3.399141, 2.904902
-0.866814, 3.415840, 2.879963
-0.863995, 3.431663, 2.867958
-0.856562, 3.440625, 2.862554
-0.860168, 3.450313, 2.861125
-0.894774, 3.458775, 2.859543
-0.913141, 3.464230, 2.871220
-0.910196, 3.471923, 2.854198
-0.904562, 3.482655, 2.835293
-0.923696, 3.497129, 2.828078
-0.940183, 3.510271, 2.831173
-0.951836, 3.516253, 2.835560
-0.975520, 3.523859, 2.848192
-0.990367, 3.522675, 2.846741
-0.995631, 3.518780, 2.850676
-1.018195, 3.524057, 2.846136
-1.039344, 3.527973, 2.867001
-1.054330, 3.527507, 2.880565
-1.081819, 3.522784, 2.930587
-1.115119, 3.512869, 2.966018
-1.129122, 3.506538, 2.979266
-1.135607, 3.502697, 3.003636
-1.139577, 3.497802, 3.004187
-1.137868, 3.496801, 3.004910
-1.142463, 3.493394, 3.004236
-1.142444, 3.489224, 3.001727
-1.136120, 3.489858, 3.000093
-1.136898, 3.487348, 3.000636
-1.130552, 3.482425, 2.995055
-1.127340, 3.482315, 2.998913
-1.122583, 3.485384, 2.999289
-1.138219, 3.483918, 3.033455
-1.155073, 3.482279, 3.050997
-1.169983, 3.479634, 3.061373
-1.181851, 3.475995, 3.074063
-1.186334, 3.473653, 3.077182
-1.192853, 3.471686, 3.086142
-1.199525, 3.469916, 3.093794
-1.206867, 3.466807, 3.104646
-1.228256, 3.457192, -3.116326
-1.248880, 3.445975, -3.097985
-1.270773, 3.432099, -3.076703
-1.279438, 3.432563, -3.062794
-1.286194, 3.430248, -3.056925
-1.306226, 3.421964, -3.007872
-1.325077, 3.409290, -2.981356
-1.337142, 3.398133, -2.964365
-1.346558, 3.387304, -2.955174
-1.380058, 3.360454, -2.888275
-1.394412, 3.345230, -2.866397
-1.409870, 3.336227, -2.849475
-1.429839, 3.320196, -2.795825
-1.445725, 3.301630, -2.766243
-1.465067, 3.284368, -2.749986
-1.531097, 3.217716, -2.699451
-1.526080, 3.216414, -2.656713
-1.535940, 3.199754, -2.649518
-1.538968, 3.191593, -2.640865
-1.537862, 3.185307, -2.627396
-1.541842, 3.179684, -2.611375
-1.549021, 3.164877, -2.562163
-1.565285, 3.141085, -2.539342
-1.571597, 3.125841, -2.523857
-1.574245, 3.115217, -2.515292
-1.592333, 3.088615, -2.454407
-1.602440, 3.066990, -2.430761
-1.596433, 3.055878, -2.425728
-1.605029, 3.032585, -2.369208
-1.622334, 2.992714, -2.338556
-1.627366, 2.975776, -2.326382
-1.632953, 2.963199, -2.320519
-1.638147, 2.942702, -2.267374
-1.645264, 2.919932, -2.242112
-1.648832, 2.900194, -2.230002
-1.648747, 2.879588, -2.176164
-1.662649, 2.840864, -2.143288
-1.677194, 2.839735, -2.115971
-1.674166, 2.833403, -2.067870
-1.667532, 2.820472, -2.052206
-1.660629, 2.815473, -2.050162
-1.650365, 2.799195, -2.003672
-1.645795, 2.766664, -1.983056
-1.641161, 2.758327, -1.977977
-1.641277, 2.753851, -1.975169
-1.632665, 2.738849, -1.930303
-1.619929, 2.726594, -1.920099
-1.611153, 2.715739, -1.915578
-1.594299, 2.694924, -1.897858
-1.588729, 2.652583, -1.888858
-1.588088, 2.640241, -1.885837
-1.590547, 2.638454, -1.886606
-1.591066, 2.642406, -1.888171
-1.587247, 2.657914, -1.897101
-1.590091, 2.669841, -1.898221
-1.587470, 2.680972, -1.898988
-1.585628, 2.687043, -1.903725
-1.584460, 2.686250, -1.906416
-1.583690, 2.681228, -1.905661
-1.581218, 2.684456, -1.906554
-1.580834, 2.687025, -1.906274
-1.579559, 2.689552, -1.906416
-1.580373, 2.688879, -1.903869
-1.579549, 2.689195, -1.906203
-1.581433, 2.686930, -1.907436
-1.577121, 2.690219, -1.911974
-1.575987, 2.695188, -1.908006
-1.575118, 2.697266, -1.907362
-1.575141, 2.696363, -1.914357
-1.577847, 2.697246, -1.912472
-1.564061, 2.689186, -1.935543
-1.556320, 2.677613, -1.941500
-1.555684, 2.665658, -1.939408
-1.558155, 2.654246, -1.933961
-1.562397, 2.644128, -1.930799
-1.566626, 2.636665, -1.929522
-1.568304, 2.625453, -1.924592
-1.567566, 2.623897, -1.923244
-1.569541, 2.618267, -1.917430
-1.572280, 2.613666, -1.915350
-1.573736, 2.613001, -1.914443
-1.574170, 2.611846, -1.901157
-1.578840, 2.610821, -1.895590
-1.583166, 2.602649, -1.890672
-1.581727, 2.603600, -1.889546
-1.580074, 2.597240, -1.891663
-1.586056, 2.585067, -1.888738
-1.585314, 2.575486, -1.882481
-1.589647, 2.565868, -1.879780
-1.594857, 2.555096, -1.871450
-1.597110, 2.549919, -1.869153
-1.598998, 2.537246, -1.863407
-1.601781, 2.523187, -1.859165
-1.605584, 2.509580, -1.858960
-1.615282, 2.479674, -1.852962
-1.618322, 2.463440, -1.848137
-1.620917, 2.451821, -1.846175
-1.625132, 2.439627, -1.839208
-1.626295, 2.429496, -1.837255
-1.631613, 2.399892, -1.830746
-1.634121, 2.388275, -1.824940
-1.634247, 2.375335, -1.828687
-1.636928, 2.365061, -1.820224
-1.645251, 2.356754, -1.818143
-1.651654, 2.343713, -1.852654
-1.655281, 2.332643, -1.849562
-1.658745, 2.319739, -1.844294
-1.657238, 2.304871, -1.841855
-1.664095, 2.276900, -1.829294
-1.668567, 2.259662, -1.823520
-1.674107, 2.247038, -1.815884
-1.672913, 2.233383, -1.812120
-1.678202, 2.217158, -1.804842
-1.681141, 2.199547, -1.799032
-1.682325, 2.182896, -1.795885
-1.689462, 2.152489, -1.776312
-1.690318, 2.140707, -1.769890
-1.695317, 2.132261, -1.763601
-1.700354, 2.124571, -1.757500
-1.698233, 2.110236, -1.754986
-1.695820, 2.103644, -1.757183
-1.707279, 2.088584, -1.793301
-1.711929, 2.080063, -1.791092
-1.714097, 2.072137, -1.787032
-1.718775, 2.059923, -1.777687
-1.723770, 2.044529, -1.770285
-1.727833, 2.014925, -1.758182
-1.725794, 2.003286, -1.755014
-1.728200, 1.981957, -1.745500
-1.725478, 1.965545, -1.741643
-1.734092, 1.947456, -1.775200
-1.739275, 1.927017, -1.762617
-1.744783, 1.890313, -1.738332
-1.745129, 1.876213, -1.733634
-1.747108, 1.856009, -1.716624
-1.746090, 1.841643, -1.717931
-1.744447, 1.822720, -1.708482
-1.757311, 1.793399, -1.726508
-1.755552, 1.777264, -1.722886
-1.758295, 1.754895, -1.707579
-1.753589, 1.728756, -1.693418
-1.762061, 1.669855, -1.685808
-1.762069, 1.632322, -1.656713
-1.752607, 1.577272, -1.619290
-1.746898, 1.547623, -1.600935
-1.745513, 1.504698, -1.613895
-1.739005, 1.485341, -1.610522
-1.732331, 1.463443, -1.592303
-1.731449, 1.414751, -1.578824
-1.721262, 1.370669, -1.538592
-1.727529, 1.342253, -1.543750
-1.718896, 1.319543, -1.524121
-1.721137, 1.298450, -1.545005
-1.719245, 1.285988, -1.542194
-1.714602, 1.272262, -1.537080
-1.714620, 1.261358, -1.568508
-1.719287, 1.254680, -1.566747
-1.717031, 1.229123, -1.560622
-1.722016, 1.215185, -1.569285
-1.723891, 1.200311, -1.566163
-1.727178, 1.186259, -1.558975
-1.724862, 1.176926, -1.556650
-1.722037, 1.144612, -1.540760
-1.719958, 1.131138, -1.536994
-1.717022, 1.123920, -1.568113
-1.720909, 1.115449, -1.564948
-1.719377, 1.103198, -1.555040
-1.716109, 1.086261, -1.511342
-1.709316, 1.070964, -1.486238
-1.698240, 1.059256, -1.468929
-1.681648, 1.036478, -1.446873
-1.672390, 1.025900, -1.395645
-1.655565, 1.016160, -1.379349
-1.650164, 1.004745, -1.371487
-1.640346, 0.992508, -1.364790
-1.628989, 0.984007, -1.357922
-1.624769, 0.978946, -1.357957
-1.620555, 0.982978, -1.362184
-1.628071, 0.993096, -1.368347
-1.634353, 1.003641, -1.373404
-1.640914, 1.016356, -1.380593
-1.650067, 1.027054, -1.390148
-1.656825, 1.037193, -1.395760
-1.658925, 1.043113, -1.401541
-1.657008, 1.040223, -1.399702
-1.658605, 1.043299, -1.402131
-1.659781, 1.046164, -1.404033
-1.666127, 1.048341, -1.404990
-1.668467, 1.046525, -1.401281
-1.667273, 1.042006, -1.401692
-1.667826, 1.038869, -1.401828
-1.664482, 1.032662, -1.404218
-1.655858, 1.018241, -1.399183
-1.651608, 1.010735, -1.397771
-1.640396, 0.995507, -1.391710
-1.630190, 0.993345, -1.395736
-1.621655, 0.988120, -1.391449
-1.619812, 0.985218, -1.385630
-1.624332, 0.983478, -1.381573
-1.625257, 0.979068, -1.379874
-1.627054, 0.981613, -1.381235
-1.631777, 0.985369, -1.385038
-1.638298, 0.987241, -1.394501
-1.643520, 0.989685, -1.396258
-1.644186, 0.981944, -1.398261
-1.640139, 0.969515, -1.399759
-1.638740, 0.961868, -1.401814
-1.639502, 0.951622, -1.400450
-1.636959, 0.941465, -1.397588
-1.642375, 0.933093, -1.396672
-1.641266, 0.918061, -1.388141
-1.641514, 0.908456, -1.392334
-1.634868, 0.880995, -1.389718
-1.629267, 0.863042, -1.381216
-1.628924, 0.848225, -1.376701
-1.622815, 0.835523, -1.370371
-1.616638, 0.816131, -1.367209
-1.614877, 0.801871, -1.360133
-1.609666, 0.785844, -1.359217
-1.606440, 0.768650, -1.356156
-1.594122, 0.738288, -1.342441
-1.586002, 0.719623, -1.340886
-1.577142, 0.704574, -1.333825
-1.567140, 0.681810, -1.326496
-1.548654, 0.654802, -1.312312
-1.535622, 0.631422, -1.308596
-1.524583, 0.608007, -1.303854
-1.507268, 0.583482, -1.293808
-1.487509, 0.558638, -1.298694
-1.477972, 0.551030, -1.293226
-1.475797, 0.553307, -1.295780
-1.471882, 0.558240, -1.298955
-1.465383, 0.548843, -1.276639
-1.461123, 0.538810, -1.265069
-1.453587, 0.530657, -1.251434
-1.450713, 0.527347, -1.243557
-1.440616, 0.522585, -1.239109
-1.439344, 0.522373, -1.237143
-1.445961, 0.528485, -1.241744
-1.443897, 0.523382, -1.228522
-1.439251, 0.515005, -1.222107
-1.429492, 0.505339, -1.206288
-1.427856, 0.505756, -1.203675
-1.414052, 0.493562, -1.191521
-1.408225, 0.491081, -1.183683
-1.397553, 0.474103, -1.133155
-1.393069, 0.472773, -1.116661
-1.388914, 0.460831, -1.101548
-1.384121, 0.458078, -1.095931
-1.367570, 0.445331, -1.044050
-1.340670, 0.428014, -1.014581
-1.303415, 0.412755, -0.990923
-1.270590, 0.391721, -0.938746
-1.239904, 0.374020, -0.906772
-1.224006, 0.361832, -0.898057
-1.186927, 0.347813, -0.875585
-1.169872, 0.333605, -0.828520
-1.141103, 0.320852, -0.798109
-1.104103, 0.307668, -0.768351
-1.061828, 0.289435, -0.744109
-1.032944, 0.276282, -0.685142
-1.011452, 0.270293, -0.664198
-0.978595, 0.259389, -0.644928
-0.956935, 0.249649, -0.584097
-0.928170, 0.236944, -0.575901
-0.894769, 0.236402, -0.554762
-0.872019, 0.235779, -0.542210
-0.827038, 0.227367, -0.467780
-0.793138, 0.220317, -0.457160
-0.772541, 0.216308, -0.407244
-0.748204, 0.214721, -0.391687
-0.712107, 0.210902, -0.382141
-0.666628, 0.201245, -0.374305
-0.628339, 0.187274, -0.358042
-0.567548, 0.169758, -0.340769
-0.532919, 0.157404, -0.323990
-0.525588, 0.150621, -0.317844
-0.515023, 0.144079, -0.320677
-0.492016, 0.136283, -0.344823
-0.440353, 0.124449, -0.339865
-0.379051, 0.114884, -0.328662
-0.319031, 0.101894, -0.305010
-0.283148, 0.095995, -0.285505
-0.270365, 0.092129, -0.277804
-0.259100, 0.088269, -0.271693
-0.253651, 0.084252, -0.262193
-0.254561, 0.082082, -0.258814
-0.263840, 0.081215, -0.261909
-0.272371, 0.077135, -0.257501
-0.274058, 0.078326, -0.262804
-0.285957, 0.079557, -0.266792
-0.285260, 0.078218, -0.267999
-0.289568, 0.075070, -0.268714
-0.286867, 0.070727, -0.264661
-0.292918, 0.070128, -0.264993
-0.310286, 0.073714, -0.274494
-0.304172, 0.068521, -0.268530
-0.302284, 0.066197, -0.271338
-0.294463, 0.064789, -0.272314
-0.280781, 0.061154, -0.268964
-0.265789, 0.055924, -0.306234
-0.261857, 0.053815, -0.303005
-0.242170, 0.050616, -0.247831
-0.228768, 0.054131, -0.235123
-0.212416, 0.053040, -0.221503
-0.179950, 0.054014, -0.197304
-0.169329, 0.066586, -0.154730
-0.158243, 0.071071, -0.143898
-0.124385, 0.078244, -0.129160
-0.115487, 0.080695, -0.098473
-0.108006, 0.089811, -0.059538
-0.090401, 0.092569, -0.047702
-0.070079, 0.094225, -0.031345
-0.026048, 0.097998, -0.025220
0.014916, 0.097869, -0.010816
0.047066, 0.099749, -0.000853
0.065949, 0.097048, 0.011271
0.072284, 0.094611, 0.015539
0.071315, 0.093714, 0.016939
0.056474, 0.093266, 0.013617
0.052066, 0.090979, 0.014583
0.033684, 0.089415, 0.008383
0.024078, 0.088611, 0.004584
0.009599, 0.086683, 0.000554
0.006125, 0.087082, -0.001158
0.007340, 0.086509, -0.003100
0.017975, 0.090427, -0.005019
0.027686, 0.088698, 0.000074
0.029751, 0.090126, -0.000583
0.037910, 0.090249, 0.004686
0.039020, 0.090061, 0.005807
0.043803, 0.088823, 0.008572
0.038072, 0.086910, 0.007778
0.016594, 0.087486, -0.000263
0.005444, 0.088381, -0.005069
-0.006163, 0.090997, -0.012900
-0.015210, 0.094041, -0.017788
-0.022100, 0.093336, -0.019958
-0.029879, 0.091528, -0.021851
-0.017744, 0.091137, -0.017761
-0.007780, 0.091556, -0.015408
0.012963, 0.093981, -0.009973
0.025036, 0.094586, -0.005737
0.037758, 0.095489, -0.000671
0.050694, 0.096912, 0.001423
0.061097, 0.098016, -0.001647
0.078291, 0.098888, 0.008449
0.104127, 0.100436, 0.020800
0.114776, 0.101066, 0.020133
0.146693, 0.099456, -0.010588
0.168170, 0.098778, -0.010771
0.193141, 0.096035, 0.005006
0.223622, 0.091293, -0.035011
0.250673, 0.084514, -0.033391
0.279808, 0.081075, -0.068337
0.304244, 0.072818, -0.071058
0.322168, 0.071344, -0.120780
0.341764, 0.063510, -0.161947
0.371106, 0.066775, -0.196863
0.396366, 0.071717, -0.195275
0.415702, 0.074547, -0.223766
0.421300, 0.075753, -0.175361
0.422642, 0.081365, -0.176003
0.415120, 0.085909, -0.170642
0.402990, 0.086656, -0.171469
0.395567, 0.085568, -0.177515
0.396163, 0.084136, -0.167749
0.392543, 0.079982, -0.156379
0.396001, 0.076501, -0.143256
0.389092, 0.074356, -0.146222
0.385955, 0.070849, -0.142952
0.387625, 0.065781, -0.141942
0.389823, 0.065628, -0.140664
0.392891, 0.062967, -0.136969
0.397568, 0.061126, -0.129278
0.391354, 0.063242, -0.136614
0.393933, 0.062084, -0.135434
0.395739, 0.060546, -0.132226
0.404861, 0.059238, -0.122582
0.401862, 0.062671, -0.128517
0.407835, 0.063990, -0.126436
0.412482, 0.061922, -0.119033
0.415180, 0.061773, -0.116847
0.411620, 0.059396, -0.119199
0.406739, 0.060504, -0.124637
0.407501, 0.057371, -0.120499
0.404342, 0.056373, -0.120949
0.400836, 0.057672, -0.124375
0.402186, 0.060019, -0.124779
0.393086, 0.060292, -0.134845
0.397564, 0.061309, -0.128937
0.400668, 0.062769, -0.129336
0.399300, 0.060238, -0.127347
0.401304, 0.058921, -0.124332
0.393993, 0.059070, -0.133124
0.391265, 0.059659, -0.133788
0.394204, 0.062157, -0.135252
0.395831, 0.060048, -0.129119
0.396667, 0.061771, -0.130516
0.392715, 0.060170, -0.134105
0.390809, 0.059477, -0.135102
0.390578, 0.060534, -0.133788
0.385667, 0.061534, -0.139485
0.383252, 0.062585, -0.145106
0.384985, 0.061744, -0.140620
0.391058, 0.061671, -0.138744
0.386573, 0.058955, -0.138710
0.389952, 0.057479, -0.134556
0.391554, 0.060819, -0.133156
0.391486, 0.057140, -0.131899
0.394191, 0.058195, -0.132054
0.395440, 0.061613, -0.132535
0.399859, 0.062976, -0.131797
0.411257, 0.064331, -0.123336
0.411744, 0.065684, -0.122442
0.412169, 0.067041, -0.121689
0.411360, 0.066141, -0.124781
0.410918, 0.066363, -0.123952
0.413001, 0.066153, -0.120401
0.412526, 0.064950, -0.121369
0.407414, 0.064232, -0.124579
0.399581, 0.063700, -0.131816
0.405326, 0.065443, -0.126214
0.400235, 0.065974, -0.130555
0.398460, 0.064589, -0.132825
0.393547, 0.062471, -0.137028
0.392577, 0.062590, -0.134639
0.397875, 0.060640, -0.129954
0.397827, 0.061761, -0.130434
0.396883, 0.062631, -0.132599
0.391909, 0.060623, -0.133713
0.392892, 0.061327, -0.135521
0.388347, 0.058533, -0.136336
0.393492, 0.058781, -0.130028
0.387833, 0.059240, -0.136063
0.387250, 0.057844, -0.134702
0.385643, 0.055308, -0.136732
0.388627, 0.056021, -0.134199
0.397650, 0.058725, -0.129153
0.400393, 0.059873, -0.126137
0.405060, 0.063071, -0.126881
0.406490, 0.061512, -0.124290
0.402776, 0.058936, -0.126669
0.393992, 0.060483, -0.131586
0.388615, 0.061021, -0.136290
0.389921, 0.060147, -0.132897
0.395446, 0.059938, -0.132785
0.392077, 0.059985, -0.134706
0.392202, 0.060087, -0.131393
0.394234, 0.059139, -0.129786
0.392502, 0.060603, -0.134491
0.387716, 0.063220, -0.138706
0.387259, 0.061425, -0.139264
0.383428, 0.061267, -0.140531
0.383703, 0.059162, -0.139400
0.383949, 0.061545, -0.138829
0.379619, 0.061803, -0.144835
0.379319, 0.060215, -0.144302
0.378094, 0.060890, -0.143265
0.384465, 0.062703, -0.138971
0.382084, 0.065720, -0.143681
0.386745, 0.067142, -0.142078
0.383594, 0.063639, -0.144877
0.390724, 0.064140, -0.137024
0.392395, 0.063794, -0.136236
0.390970, 0.063510, -0.138478
0.386853, 0.064344, -0.142364
0.389412, 0.063818, -0.137384
0.384555, 0.062033, -0.141771
0.381989, 0.062236, -0.143168
0.383573, 0.061970, -0.142341
0.384081, 0.059982, -0.140461
0.378890, 0.057502, -0.142255
0.380340, 0.061558, -0.143264
0.377028, 0.058201, -0.143036
0.377454, 0.059174, -0.145184
0.371848, 0.059964, -0.147892
0.376336, 0.063071, -0.146878
0.377155, 0.058772, -0.144107
0.377146, 0.058954, -0.143306
0.378910, 0.059249, -0.142062
0.376062, 0.059064, -0.144797
0.377946, 0.060368, -0.145548
0.378702, 0.062843, -0.146770
0.383685, 0.060651, -0.140691
0.376885, 0.061374, -0.144025
0.369502, 0.061801, -0.154144
0.366692, 0.064578, -0.156263
0.364534, 0.061421, -0.157604
0.368798, 0.060539, -0.152433
0.368376, 0.059001, -0.151309
0.373048, 0.059023, -0.148109
0.377548, 0.058389, -0.146759
0.369665, 0.058065, -0.150614
0.369700, 0.058937, -0.149502
0.371041, 0.060479, -0.150699
0.370467, 0.061218, -0.151302
0.374177, 0.061318, -0.148763
0.373135, 0.059192, -0.145870
0.370328, 0.060731, -0.150074
0.371848, 0.060463, -0.149075
0.376902, 0.062420, -0.146848
0.384545, 0.060222, -0.140678
0.386060, 0.062080, -0.141458
0.385290, 0.060421, -0.140228
0.375923, 0.062282, -0.146952
0.382555, 0.061443, -0.143694
0.381575, 0.061509, -0.142935
0.379620, 0.060675, -0.144056
0.382191, 0.058284, -0.140692
0.384109, 0.058282, -0.139459
0.388760, 0.057801, -0.134487
0.393351, 0.057535, -0.131487
0.391792, 0.059048, -0.133761
0.395063, 0.057343, -0.129323
0.397729, 0.058896, -0.129637
0.393188, 0.061514, -0.134383
0.389632, 0.063068, -0.138936
0.390127, 0.065180, -0.141171
0.386244, 0.066398, -0.143876
0.387632, 0.066123, -0.143128
0.393931, 0.065023, -0.134663
0.395501, 0.063141, -0.133751
0.392494, 0.060689, -0.133541
0.394987, 0.061420, -0.135537
0.396136, 0.060947, -0.133098
0.406856, 0.063122, -0.125949
0.401621, 0.062787, -0.129119
0.400947, 0.063000, -0.128675
0.395674, 0.062018, -0.135705
0.397350, 0.059439, -0.130242
0.397987, 0.058815, -0.126672
0.396291, 0.058143, -0.129564
0.400266, 0.058301, -0.124767
0.395510, 0.059107, -0.132121
0.390924, 0.059301, -0.133183
0.390649, 0.061410, -0.134263
0.389592, 0.061612, -0.137858
0.386721, 0.063517, -0.139675
0.391528, 0.064224, -0.137884
0.383195, 0.063847, -0.145265
0.380554, 0.062083, -0.145335
0.380292, 0.062796, -0.145939
0.381561, 0.062452, -0.141258
0.381674, 0.063100, -0.143033
0.385955, 0.063104, -0.140101
0.389358, 0.063218, -0.139339
0.392085, 0.065061, -0.138695
0.393249, 0.063411, -0.137476
0.389355, 0.064544, -0.138366
0.382228, 0.062666, -0.142522
0.385496, 0.063913, -0.141310
0.393942, 0.063146, -0.133265
0.394385, 0.063263, -0.132404
0.404584, 0.062996, -0.123997
0.404904, 0.062174, -0.123030
0.408813, 0.064828, -0.123027
0.403844, 0.066832, -0.127154
0.400237, 0.064343, -0.128987
0.401605, 0.062831, -0.127621
0.395658, 0.064900, -0.131259
0.399037, 0.062571, -0.131189
0.396835, 0.062522, -0.129159
0.401606, 0.062510, -0.129033
0.408017, 0.062508, -0.124452
0.405679, 0.062289, -0.126052
0.404398, 0.063003, -0.124989
0.403567, 0.063358, -0.129079
0.403819, 0.062386, -0.127041
0.406280, 0.061031, -0.124124
0.409064, 0.062743, -0.125497
0.407969, 0.062084, -0.123145
0.400909, 0.064693, -0.129535
0.395835, 0.064960, -0.135058
0.398443, 0.064209, -0.132471
0.400882, 0.065830, -0.130108
0.398240, 0.064627, -0.131028
0.396881, 0.063350, -0.132494
0.397299, 0.063511, -0.131729
0.394446, 0.063065, -0.134135
0.396224, 0.063303, -0.133217
0.391040, 0.063061, -0.136261
0.393305, 0.061472, -0.134858
0.393052, 0.061286, -0.135887
0.398732, 0.057830, -0.124772
0.399107, 0.056689, -0.125225
0.399713, 0.058436, -0.127738
0.398375, 0.062383, -0.130998
0.400332, 0.063392, -0.129578
0.394441, 0.063974, -0.137032
0.394614, 0.064775, -0.133727
0.400735, 0.062206, -0.131423
0.398278, 0.061322, -0.131173
0.400414, 0.064114, -0.129552
0.395369, 0.063694, -0.134971
0.390293, 0.063801, -0.138166
0.389899, 0.063082, -0.135381
0.389923, 0.062734, -0.140275
0.386583, 0.062903, -0.138961
0.384445, 0.061934, -0.138342
0.393651, 0.061953, -0.135916
0.384506, 0.060650, -0.140437
0.378769, 0.059356, -0.145284
0.374782, 0.059755, -0.148688
0.371269, 0.061894, -0.150579
0.367146, 0.064201, -0.156508
0.373502, 0.061901, -0.149874
0.369115, 0.062471, -0.154534
0.372217, 0.061964, -0.152169
0.375805, 0.061103, -0.146736
0.374433, 0.062204, -0.148584
0.379643, 0.060756, -0.142737
0.381158, 0.061133, -0.144637
0.379561, 0.061031, -0.144808
0.388244, 0.060989, -0.138664
0.389296, 0.063270, -0.137736
0.396486, 0.060314, -0.129394
0.394742, 0.061653, -0.134146
0.393700, 0.060020, -0.131834
0.384584, 0.060983, -0.139200
0.381916, 0.060158, -0.141948
0.385090, 0.061025, -0.138716
0.385988, 0.061310, -0.138876
0.384479, 0.061617, -0.139638
0.395166, 0.060968, -0.132701
0.399677, 0.059856, -0.124820
0.395362, 0.059959, -0.131277
0.394698, 0.061851, -0.133366
0.403167, 0.059336, -0.125821
0.397025, 0.063518, -0.135325
0.388984, 0.062623, -0.138801
0.388248, 0.063550, -0.138565
0.387173, 0.060894, -0.138029
0.387632, 0.062037, -0.137892
0.391794, 0.062325, -0.135738
0.390463, 0.062037, -0.135579
0.384418, 0.061042, -0.140411
0.387843, 0.062153, -0.137088
0.389231, 0.059501, -0.137297
0.385702, 0.059332, -0.139606
0.379635, 0.059406, -0.143164
0.377703, 0.059501, -0.145870
0.375682, 0.060443, -0.147247
0.376493, 0.061134, -0.144969
0.373329, 0.061606, -0.151848
0.374607, 0.060718, -0.147166
0.377395, 0.059168, -0.145066
0.373595, 0.058822, -0.150779
0.376806, 0.061339, -0.146562
0.377553, 0.061412, -0.147477
0.380383, 0.062196, -0.142917
0.379700, 0.062169, -0.146579
0.386279, 0.064851, -0.142031
0.389276, 0.065154, -0.140707
